{

	"metadata" :
	{
		"license"       : "Copyright Corey Schiller 2014.  All rights reserved.  Used with permission for Baseflight Configurator",
		"formatVersion" : 3.1,
		"generatedBy"   : "Blender 2.7 Exporter",
		"vertices"      : 26,
		"faces"         : 24,
		"normals"       : 26,
		"colors"        : 0,
		"uvs"           : [54],
		"materials"     : 1,
		"morphTargets"  : 0,
		"bones"         : 0
	},

	"scale" : 1.000000,

	"materials" : [	{
		"DbgColor" : 15658734,
		"DbgIndex" : 0,
		"DbgName" : "default",
		"vertexColors" : false
	}],

	"vertices" : [-8.94063e-08,-0.96,4.59196e-07,2.08615e-07,0.96,-7.57219e-07,-1.8,7.514e-14,1.719e-06,-4.95792e-06,-1.57361e-07,-3.6,1.8,-8.55616e-14,-1.95742e-06,5.04733e-06,1.57361e-07,3.6,-1.8,-0.96,2.65504e-06,5.16654e-06,-0.96,3.6,-1.79999,1.57361e-07,3.6,-5.34535e-06,-0.96,-3.6,-1.8,-1.57361e-07,-3.6,1.8,-0.96,-1.73664e-06,1.79999,-1.57361e-07,-3.6,1.80001,1.57361e-07,3.6,-1.8,0.96,6.6376e-07,4.98772e-06,0.96,3.6,-4.57049e-06,0.96,-3.6,1.8,0.96,-2.1782e-06,-1.79999,-0.96,3.6,-1.80001,-0.96,-3.6,1.79999,-0.96,-3.6,1.8,-0.96,3.6,-1.8,0.96,3.6,-1.8,0.96,-3.6,1.79999,0.96,-3.6,1.80001,0.96,3.6],

	"morphTargets" : [],

	"normals" : [0,-1,0,0,-0.707083,0.707083,-0.577349,-0.577349,0.577349,-0.707083,-0.707083,0,-0.577349,-0.577349,-0.577349,0,-0.707083,-0.707083,0.577349,-0.577349,-0.577349,0.707083,-0.707083,0,0.577349,-0.577349,0.577349,0,1,0,-0.707083,0.707083,0,-0.577349,0.577349,0.577349,0,0.707083,0.707083,0.577349,0.577349,0.577349,0.707083,0.707083,0,0.577349,0.577349,-0.577349,0,0.707083,-0.707083,-0.577349,0.577349,-0.577349,-1,0,0,-0.707083,0,0.707083,-0.707083,0,-0.707083,0,0,-1,0.707083,0,-0.707083,1,0,0,0.707083,0,0.707083,0,0,1],

	"colors" : [],

	"uvs" : [[0.141659,0.209166,0.141659,0.418225,0.071016,0.418225,0.071016,0.209166,0.071016,0.000108,0.141658,0.000108,0.212301,0.000108,0.212301,0.209166,0.212301,0.418224,0.929336,0.791362,0.858772,0.791362,0.858772,0.582741,0.929336,0.582741,0.999899,0.582741,0.999899,0.791362,0.999899,0.999983,0.929336,0.999983,0.858772,0.999983,0.535427,0.7908,0.535427,0.735249,0.677017,0.735249,0.677017,0.7908,0.677017,0.846351,0.535427,0.846351,0.393837,0.846351,0.393837,0.7908,0.393837,0.735249,0.929221,0.209323,0.929221,0.153864,0.999887,0.153864,0.999887,0.209323,0.999887,0.264782,0.929221,0.264782,0.858555,0.264782,0.858555,0.209323,0.858555,0.153864,0.141641,0.790803,0.141641,0.735254,0.28323,0.735254,0.28323,0.790803,0.28323,0.846351,0.141641,0.846351,5.2e-05,0.846351,5.2e-05,0.790803,5.2e-05,0.735254,0.535431,0.209376,0.535431,0.264723,0.464739,0.264723,0.464739,0.209376,0.464739,0.154029,0.535431,0.154029,0.606123,0.154029,0.606123,0.209376,0.606123,0.264723]],

	"faces" : [43,0,7,18,6,0,0,1,2,3,0,1,2,3,43,0,6,19,9,0,0,3,4,5,0,3,4,5,43,0,9,20,11,0,0,5,6,7,0,5,6,7,43,0,11,21,7,0,0,7,8,1,0,7,8,1,43,1,14,22,15,0,9,10,11,12,9,10,11,12,43,1,15,25,17,0,9,12,13,14,9,12,13,14,43,1,17,24,16,0,9,14,15,16,9,14,15,16,43,1,16,23,14,0,9,16,17,10,9,16,17,10,43,2,6,18,8,0,18,19,20,21,18,3,2,19,43,2,8,22,14,0,18,21,22,23,18,19,11,10,43,2,14,23,10,0,18,23,24,25,18,10,17,20,43,2,10,19,6,0,18,25,26,19,18,20,4,3,43,3,9,19,10,0,27,28,29,30,21,5,4,20,43,3,10,23,16,0,27,30,31,32,21,20,17,16,43,3,16,24,12,0,27,32,33,34,21,16,15,22,43,3,12,20,9,0,27,34,35,28,21,22,6,5,43,4,11,20,12,0,36,37,38,39,23,7,6,22,43,4,12,24,17,0,36,39,40,41,23,22,15,14,43,4,17,25,13,0,36,41,42,43,23,14,13,24,43,4,13,21,11,0,36,43,44,37,23,24,8,7,43,5,15,22,8,0,45,46,47,48,25,12,11,19,43,5,8,18,7,0,45,48,49,50,25,19,2,1,43,5,7,21,13,0,45,50,51,52,25,1,8,24,43,5,13,25,15,0,45,52,53,46,25,24,13,12],

	"bones" : [],

	"skinIndices" : [],

	"skinWeights" : [],

  "animations" : []


}
