{
    "metadata": {
        "generator": "io_three",
        "materials": 1,
        "version": 3,
        "uvs": 1,
        "faces": 6,
        "vertices": 8,
        "normals": 8,
        "type": "Geometry"
    },
    "uvs": [[0.6086243987083435,0.38711899518966675,0.3876524865627289,0.3871191442012787,0.3876519501209259,0.007832592353224754,0.6086239218711853,0.007832489907741547,0.6086243987083435,0.43603330850601196,0.6086243987083435,0.815055251121521,0.3876524269580841,0.815055251121521,0.38765251636505127,0.43603357672691345,0.006803446915000677,0.8639163374900818,0.006803446915000677,0.8150559663772583,0.3876524567604065,0.8639156818389893,0.6086243987083435,0.8639156222343445,0.9895890355110168,0.8150553703308105,0.9895889163017273,0.8639156818389893]],
    "faces": [43,0,1,2,3,0,0,1,2,3,0,1,2,3,43,4,7,6,5,0,4,5,6,7,4,5,6,7,43,0,4,5,1,0,0,4,7,1,0,4,7,1,43,1,5,6,2,0,8,9,6,10,1,7,6,2,43,2,6,7,3,0,10,6,5,11,2,6,5,3,43,4,0,3,7,0,12,13,11,5,4,0,3,5],
    "vertices": [1.806472897529602,0.06793666630983353,4.798364162445068,-2.0212321281433105,0.06793666630983353,4.798975467681885,-2.022766351699829,0.0679362341761589,-4.81230354309082,1.804938793182373,0.0679362341761589,-4.812912464141846,1.8064723014831543,1.3544387817382812,4.798366069793701,-2.021233081817627,1.3544387817382812,4.7989726066589355,-2.022766351699829,1.354438304901123,-4.812304973602295,1.8049381971359253,1.354438304901123,-4.81291389465332],
    "normals": [0.5774407386779785,-0.5773491859436035,0.5772576332092285,-0.5772576332092285,-0.5773491859436035,0.5774407386779785,-0.5774407386779785,-0.5773491859436035,-0.5772576332092285,0.5772576332092285,-0.5773491859436035,-0.5774407386779785,0.5774407386779785,0.5773491859436035,0.5772576332092285,0.5772576332092285,0.5773491859436035,-0.5774407386779785,-0.5774407386779785,0.5773491859436035,-0.5772576332092285,-0.5772576332092285,0.5773491859436035,0.5774407386779785],
    "name": "Cube.001Geometry",
    "materials": [{
        "depthTest": true,
        "colorDiffuse": [0.6400000190734865,0.6400000190734865,0.6400000190734865],
        "colorAmbient": [0.6400000190734865,0.6400000190734865,0.6400000190734865],
        "DbgColor": 15658734,
        "mapDiffuseAnisotropy": 1.0,
        "visible": true,
        "mapDiffuseRepeat": [1,1],
        "wireframe": false,
        "depthWrite": true,
        "DbgIndex": 0,
        "DbgName": "Material.003",
        "colorEmissive": [0.0,0.0,0.0],
        "mapDiffuse": "fallback.png",
        "opacity": 1.0,
        "specularCoef": 50,
        "shading": "phong",
        "mapDiffuseWrap": ["RepeatWrapping","RepeatWrapping"],
        "blending": "NormalBlending",
        "colorSpecular": [0.5,0.5,0.5],
        "transparent": false
    }]
}